clean_title,title
hatland adventures,Hatland Adventures
warface,Warface
nuclear throne,Nuclear Throne
eldevin,Eldevin
terraria,Terraria
planetside 2,PlanetSide 2
fez,FEZ
portal 2 - the final hours,Portal 2 - The Final Hours
robocraft,Robocraft
tropico 4,Tropico 4
just cause 2,Just Cause 2
retention,Retention
enki,ENKI
bejeweled 3,Bejeweled® 3
light of altair,Light of Altair
half-life 2,Half-Life 2
"cook, serve, delicious!","Cook, Serve, Delicious!"
puzzle agent,Puzzle Agent
the testament of sherlock holmes,The Testament of Sherlock Holmes
the expendabros,The Expendabros
ultratron,Ultratron
worms revolution,Worms Revolution
glowfish,Glowfish
fiesta online na,Fiesta Online NA
time clickers,Time Clickers
8bitmmo,8BitMMO
foul play,Foul Play
team fortress 2,Team Fortress 2
hotline miami,Hotline Miami
postal 2,POSTAL 2
etherlords ii,Etherlords II
march of the eagles,March of the Eagles
commando jack,Commando Jack
anodyne,Anodyne
puzzle dimension,Puzzle Dimension
sanctum,Sanctum
thomas was alone,Thomas Was Alone
king arthur's gold,King Arthur's Gold
broken sword 4 - the angel of death,Broken Sword 4 - the Angel of Death
torchlight ii,Torchlight II
hit,HIT
call of juarez,Call of Juarez
breath of death vii,Breath of Death VII
dota 2,Dota 2
cogs,Cogs
you don't know jack movies,YOU DON'T KNOW JACK MOVIES
game dev tycoon,Game Dev Tycoon
unturned,Unturned
better late than dead,Better Late Than DEAD
fading hearts,Fading Hearts
guns of icarus online,Guns of Icarus Online
fieldrunners,Fieldrunners
chariot,Chariot
revelations 2012,Revelations 2012
boring man - online tactical stickman combat,Boring Man - Online Tactical Stickman Combat
final fantasy xiii-2,FINAL FANTASY® XIII-2
rush,RUSH
offworld trading company,Offworld Trading Company
heroes & generals,Heroes & Generals
rayman origins,Rayman® Origins
dungeons & dragons online,Dungeons & Dragons Online®
volgarr the viking,Volgarr the Viking
mountain,Mountain
eleusis,Eleusis
the hive,The Hive
altitude,Altitude
memoir '44 online,Memoir '44 Online
penumbra overture,Penumbra Overture
two worlds ii castle defense,Two Worlds II Castle Defense
warframe,Warframe
brothers - a tale of two sons,Brothers - A Tale of Two Sons
etherium,Etherium
dead effect,Dead Effect
way of the samurai 4,Way of the Samurai 4
flight of the icarus,Flight of the Icarus
ragnarok online 2,Ragnarok Online 2
left 4 dead 2,Left 4 Dead 2
dev guy,Dev Guy
transcripted,Transcripted
crusader kings ii,Crusader Kings II
love,LOVE
child of light,Child of Light
war of beach,War of Beach
vintage year,Vintage Year
machinarium,Machinarium
contagion,Contagion
you don't know jack television,YOU DON'T KNOW JACK TELEVISION
peggle extreme,Peggle Extreme
ichi,Ichi
deathmatch classic,Deathmatch Classic
sid meier's civilization v,Sid Meier's Civilization® V
homefront,Homefront
how to survive,How to Survive
revolution ace,Revolution Ace
caesaria,CaesarIA
bit.trip void,BIT.TRIP VOID
quest of dungeons,Quest of Dungeons
zombie shooter,Zombie Shooter
teeworlds,Teeworlds
zoo park,Zoo Park
mark of the ninja,Mark of the Ninja
sparkle 3 genesis,Sparkle 3 Genesis
proto raider,Proto Raider
prison architect,Prison Architect
neverwinter,Neverwinter
codename cure,Codename CURE
don't starve,Don't Starve
off-road drive,Off-Road Drive
sleeping dogs,Sleeping Dogs
the tiny bang story,The Tiny Bang Story
mini metro,Mini Metro
rift,RIFT
7 days to die,7 Days to Die
rotieer,Rotieer
taxi,Taxi
king's quest,King's Quest
escape goat,Escape Goat
curse of mermos,Curse of Mermos
project zomboid,Project Zomboid
rage,RAGE
bloodline champions,Bloodline Champions
sega bass fishing,SEGA Bass Fishing
of guards and thieves,Of Guards And Thieves
polarity,Polarity
aerofly rc 7,aerofly RC 7
panzar,Panzar
fistful of frags,Fistful of Frags
chime,Chime
kairo,Kairo
zen bound 2,Zen Bound 2
gunship!,Gunship!
no more room in hell,No More Room in Hell
noir syndrome,Noir Syndrome
state of decay,State of Decay
starpoint gemini 2,Starpoint Gemini 2
nekopara vol. 1,NEKOPARA Vol. 1
sacred 2 gold,Sacred 2 Gold
rigonauts,Rigonauts
coniclysm,Coniclysm
war thunder,War Thunder
deponia,Deponia
the binding of isaac,The Binding of Isaac
gratuitous space battles,Gratuitous Space Battles
insurgency,Insurgency
comanche 4,Comanche 4
deep under the sky,Deep Under the Sky
dungeon defenders ii,Dungeon Defenders II
skyscraper simulator,Skyscraper Simulator
realms of chaos,Realms of Chaos
the undergarden,The UnderGarden
apb reloaded,APB Reloaded
color symphony,Color Symphony
year walk,Year Walk
return to castle wolfenstein,Return to Castle Wolfenstein
f.e.a.r. 3,F.E.A.R. 3
garry's mod,Garry's Mod
hacker evolution,Hacker Evolution
floating point,Floating Point
gone home,Gone Home
psycho starship rampage,Psycho Starship Rampage
cosmo's cosmic adventure,Cosmo's Cosmic Adventure
dream,Dream
max payne 3,Max Payne 3
stonehearth,Stonehearth
skyborn,Skyborn
shadow warrior,Shadow Warrior
vertex dispenser,Vertex Dispenser
lucid,Lucid
universe sandbox,Universe Sandbox
starbound,Starbound
dead space,Dead Space
mirrormoon ep,MirrorMoon EP
team fortress classic,Team Fortress Classic
mutant mudds deluxe,Mutant Mudds Deluxe
audiosurf,AudioSurf
borderlands 2,Borderlands 2
path of exile,Path of Exile
costume quest,Costume Quest
defcon,DEFCON
koya rift,Koya Rift
tower wars,Tower Wars
gear up,Gear Up
lego worlds,LEGO® Worlds
mitsurugi kamui hikae,Mitsurugi Kamui Hikae
pixel hunter,Pixel Hunter
the adventures of tree,The Adventures of Tree
iron soul,Iron Soul
block n load,Block N Load
z,Z
protogalaxy,ProtoGalaxy
cthulhu saves the world,Cthulhu Saves the World
the bridge,The Bridge
wildlife park 3,Wildlife Park 3
soundodger+,Soundodger+
knights of honor,Knights of Honor
ubinota,Ubinota
eternal senia,Eternal Senia
arma 3,Arma 3
risk of rain,Risk of Rain
blades of time,Blades of Time
crazy machines 2,Crazy Machines 2
xpand rally xtreme,Xpand Rally Xtreme
wasteland 1 - the original classic,Wasteland 1 - The Original Classic
stacking,Stacking
counter-strike,Counter-Strike
forge,Forge
metro 2033 redux,Metro 2033 Redux
stronghold hd,Stronghold HD
slamit pinball big score,SlamIt Pinball Big Score
super meat boy,Super Meat Boy
retaliation,Retaliation
puzzle pirates,Puzzle Pirates
dream pinball 3d,Dream Pinball 3D
cry of fear,Cry of Fear
broforce,Broforce
the fifth day,The Fifth Day
100% orange juice,100% Orange Juice
wildlife park 2,Wildlife Park 2
horizon,Horizon
heroes of scene,Heroes of Scene
assassin's creed revelations,Assassin's Creed® Revelations
how do you do it?,how do you Do It?
the way of life free edition,The Way of Life Free Edition
portal 2,Portal 2
death to spies,Death to Spies
deadcore,DeadCore
super house of dead ninjas,Super House of Dead Ninjas
dead mountaineer's hotel,Dead Mountaineer's Hotel
grand theft auto v,Grand Theft Auto V
reflections,Reflections
broken sword 3 - the sleeping dragon,Broken Sword 3 - the Sleeping Dragon
citizens of earth,Citizens of Earth
dirty bomb,Dirty Bomb®
tomb raider ii,Tomb Raider II
overgrowth,Overgrowth
devil may cry 4,Devil May Cry 4
korwin the game,Korwin The Game
bang bang racing,Bang Bang Racing
chompy chomp chomp,Chompy Chomp Chomp
fallout 3,Fallout 3
goat simulator,Goat Simulator
curse of the assassin,Curse of the Assassin
star conflict,Star Conflict
the misadventures of p.b. winterbottom,The Misadventures of P.B. Winterbottom
stellar 2d,Stellar 2D
stasis,STASIS
cultures - northland,Cultures - Northland
nation red,Nation Red
tdp5 arena 3d,TDP5 Arena 3D
robowars,Robowars
ziggurat,Ziggurat
zombie grinder,Zombie Grinder
dayz,DayZ
toribash,Toribash
earth 2160,Earth 2160
alpha prime,Alpha Prime
gothic 3,Gothic® 3
lunch truck tycoon,Lunch Truck Tycoon
rocketsrocketsrockets,ROCKETSROCKETSROCKETS
pixel piracy,Pixel Piracy
naissancee,NaissanceE
gomo,Gomo
wild warfare,Wild Warfare
bioshock 2,BioShock® 2
the marvellous miss take,The Marvellous Miss Take
left 4 dead,Left 4 Dead
dive to the titanic,Dive to the Titanic
speedrunners,SpeedRunners
crawl,Crawl
adventure capitalist,AdVenture Capitalist
kami,KAMI
restaurant empire ii,Restaurant Empire II
mdk,MDK
the golf club,The Golf Club
the stanley parable,The Stanley Parable
nimble quest,Nimble Quest
jane's advanced strike fighters,Jane's Advanced Strike Fighters
lightfish,Lightfish
dynamite jack,Dynamite Jack
star trek online,Star Trek Online
rise of flight united,Rise of Flight United
gunscape,Gunscape
fotonica,FOTONICA
ricochet,Ricochet
tabletop simulator,Tabletop Simulator
sniper elite v2,Sniper Elite V2
freight tycoon inc.,Freight Tycoon Inc.
memories of a vagabond,Memories of a Vagabond
merchants of kaidan,Merchants of Kaidan
portal,Portal
the wolf among us,The Wolf Among Us
hyper fighters,Hyper Fighters
the masterplan,The Masterplan
the age of decadence,The Age of Decadence
interstellar marines,Interstellar Marines
ikaruga,Ikaruga
foosball - street edition,Foosball - Street Edition
gunslugs 2,Gunslugs 2
memento mori 2,Memento Mori 2
sid meier's covert action (classic),Sid Meier's Covert Action (Classic)
ms. splosion man,Ms. Splosion Man
the darkness ii,The Darkness II
rust,Rust
empyrion - galactic survival,Empyrion - Galactic Survival
scribblenauts unlimited,Scribblenauts Unlimited
raceroom racing experience,RaceRoom Racing Experience
interplanetary,Interplanetary
sumo revise,Sumo Revise
super toy cars,Super Toy Cars
clash of puppets,Clash of Puppets
super hipster lumberjack,Super Hipster Lumberjack
starmade,StarMade
solar 2,Solar 2
nail'd,nail'd
shadow warrior classic (1997),Shadow Warrior Classic (1997)
cloning clyde,Cloning Clyde
vvvvvv,VVVVVV
chaos domain,Chaos Domain
i am alive,I Am Alive
verdun,Verdun
the plan,The Plan
company of heroes 2,Company of Heroes 2
quake live,Quake Live
knightshift,KnightShift
killing floor 2,Killing Floor 2
never alone (kisima ingitchuna),Never Alone (Kisima Ingitchuna)
the old tree,The Old Tree
clergy splode,Clergy Splode
sokobond,Sokobond
the whispered world special edition,The Whispered World Special Edition
thief,Thief
car mechanic simulator 2014,Car Mechanic Simulator 2014
drunken robot pornography,Drunken Robot Pornography
world basketball manager 2010,World Basketball Manager 2010
traps n' gemstones,Traps N' Gemstones
planet stronghold,Planet Stronghold
nimbus,Nimbus
sid meier's civilization iv,Sid Meier's Civilization® IV
everlasting summer,Everlasting Summer
hearthlands,Hearthlands
limbo,LIMBO
you don't know jack sports,YOU DON'T KNOW JACK SPORTS
alien carnage / halloween harry,Alien Carnage / Halloween Harry
dishonored,Dishonored
the last federation,The Last Federation
max gentlemen,Max Gentlemen
rise of the argonauts,Rise of the Argonauts
battleblock theater,BattleBlock Theater®
oil rush,Oil Rush
royal defense,Royal Defense
super time force ultra,Super Time Force Ultra
bird assassin,Bird Assassin
lakeview cabin collection,Lakeview Cabin Collection
toast time,Toast Time
battle academy,Battle Academy
wrc 4 fia world rally championship,WRC 4 FIA World Rally Championship
bioshock infinite,BioShock Infinite
devil may cry 4 special edition,Devil May Cry 4 Special Edition
dangerous waters,Dangerous Waters
flora's fruit farm,Flora's Fruit Farm
critical mass,Critical Mass
call of duty 2,Call of Duty® 2
the incredible adventures of van helsing,The Incredible Adventures of Van Helsing
1quest,1Quest
a virus named tom,A Virus Named TOM
crazy machines,Crazy Machines
clicker heroes,Clicker Heroes
democracy 3,Democracy 3
vessel,Vessel
champions online,Champions Online
sparkle 2 evo,Sparkle 2 Evo
blood bowl 2,Blood Bowl 2
bloody trapland,Bloody Trapland
velvet sundown,Velvet Sundown
periareion,PeriAreion
hyperdimension neptunia re;birth3 v generation,Hyperdimension Neptunia Re;Birth3 V Generation
heroes of might & magic v,Heroes of Might & Magic V
la cops,LA Cops
undead overlord,Undead Overlord
legends of persia,Legends of Persia
little racers street,Little Racers STREET
euro truck simulator 2,Euro Truck Simulator 2
the room,The Room
jack keane 2 - the fire within,Jack Keane 2 - The Fire Within
fate of the world,Fate of the World
race 07,RACE 07
nyctophilia,Nyctophilia
transformice,Transformice
gunpoint,Gunpoint
smite,SMITE®
questevent,QuestEvent
serious sam double d xxl,Serious Sam Double D XXL
capsized,Capsized
squishy the suicidal pig,Squishy the Suicidal Pig
far cry 3,Far Cry 3
strike suit zero,Strike Suit Zero
david.,David.
to the moon,To the Moon
legend of grimrock,Legend of Grimrock
natural selection 2,Natural Selection 2
risen,Risen
simply chess,Simply Chess
ibomber defense,iBomber Defense
real horror stories ultimate edition,Real Horror Stories Ultimate Edition
metal planet,Metal Planet
reus,Reus
the magic circle,The Magic Circle
starlaxis supernova edition,Starlaxis Supernova Edition
seduce me the otome,Seduce Me the Otome
payday 2,PAYDAY 2
echo of the wilds,Echo of the Wilds
battle for blood - epic battles within 30 seconds!,Battle for Blood - Epic battles within 30 seconds!
call to arms - deluxe edition,Call to Arms - Deluxe Edition
planet of the eyes,Planet of the Eyes
sakura angels,Sakura Angels
company of heroes,Company of Heroes
orcs must die!,Orcs Must Die!
bloodlust shadowhunter,BloodLust Shadowhunter
kenshi,Kenshi
alien shooter 2 conscription,Alien Shooter 2 Conscription
putt-putt joins the circus,Putt-Putt® Joins the Circus
mr. bree+,Mr. Bree+
death rally,Death Rally
painkiller hell & damnation,Painkiller Hell & Damnation
bejeweled 2 deluxe,Bejeweled 2 Deluxe
wildlife park 2 - dino world,Wildlife Park 2 - Dino World
killing floor,Killing Floor
arma 2,Arma 2
magicite,Magicite
nidhogg,Nidhogg
wings of prey,Wings of Prey
day of defeat,Day of Defeat
toybox turbos,Toybox Turbos
chicken shoot gold,Chicken Shoot Gold
tank universal,Tank Universal
cafe 0 ~the drowned mermaid~,CAFE 0 ~The Drowned Mermaid~
fake colours,Fake Colours
space engineers,Space Engineers
saints row 2,Saints Row 2
dear esther,Dear Esther
beatblasters iii,BeatBlasters III
five nights at freddy's,Five Nights at Freddy's
gods will be watching,Gods Will Be Watching
the flame in the flood,The Flame in the Flood
the four kings casino and slots,The Four Kings Casino and Slots
siralim,Siralim
perpetuum,Perpetuum
creativerse,Creativerse
pongo,Pongo
deadnaut,Deadnaut
rollers of the realm,Rollers of the Realm
shadowgrounds,Shadowgrounds
blockade 3d,BLOCKADE 3D
enemy mind,Enemy Mind
the lego movie - videogame,The LEGO® Movie - Videogame
tap tap infinity,Tap Tap Infinity
the talos principle,The Talos Principle
the witcher adventure game,The Witcher Adventure Game
millennium - a new hope,Millennium - A New Hope
crimsonland,Crimsonland
copa petrobras de marcas,Copa Petrobras de Marcas
magicka,Magicka
cortex command,Cortex Command
flashback,Flashback
pid,Pid
super sanctum td,Super Sanctum TD
final fantasy xiii,FINAL FANTASY® XIII
grand theft auto 2,Grand Theft Auto 2
thirty flights of loving,Thirty Flights of Loving
astropop deluxe,AstroPop Deluxe
super crate box,Super Crate Box
magicka 2,Magicka 2
full mojo rampage,Full Mojo Rampage
the banner saga,The Banner Saga
99 levels to hell,99 Levels To Hell
galactic civilizations iii,Galactic Civilizations III
pitiri 1977,Pitiri 1977
1953 - kgb unleashed,1953 - KGB Unleashed
zeno clash 2,Zeno Clash 2
apotheon,Apotheon
pressured,Pressured
ink,INK
gyromancer,Gyromancer
15 days,15 Days
savage lands,Savage Lands
jagged alliance - back in action,Jagged Alliance - Back in Action
ninja guy,Ninja Guy
dragon ball xenoverse,DRAGON BALL XENOVERSE
asphyxia,Asphyxia
shantae and the pirate's curse,Shantae and the Pirate's Curse
car mechanic simulator 2015,Car Mechanic Simulator 2015
guacamelee! gold edition,Guacamelee! Gold Edition
habitat,Habitat
protocol,Protocol
armada 2526,Armada 2526
gauntlet,Gauntlet
miasmata,Miasmata
shank 2,Shank 2
mortal kombat x,Mortal Kombat X
divine divinity,Divine Divinity
morphopolis,Morphopolis
spooky cats,Spooky Cats
castleminer z,CastleMiner Z
ticket to ride,Ticket to Ride
surgeon simulator,Surgeon Simulator
castle in the darkness,Castle In The Darkness
beware planet earth,Beware Planet Earth
rpg mo,RPG MO
fieldrunners 2, Fieldrunners 2
lethal league,Lethal League
siege of turtle enclave,Siege of Turtle Enclave
stargunner,Stargunner
cubetractor,Cubetractor
blackshadows,BlackShadows
freedom force,Freedom Force
desert thunder,Desert Thunder
break the cube,Break the Cube
mini ninjas,Mini Ninjas
flatout,FlatOut
castle crashers,Castle Crashers®
the king of fighters 2002 unlimited match,THE KING OF FIGHTERS 2002 UNLIMITED MATCH
the cave,The Cave
pinball arcade,Pinball Arcade
trove,Trove
final fantasy vii,FINAL FANTASY VII
enclave,Enclave
shadowrun returns,Shadowrun Returns
shark attack deathmatch 2,Shark Attack Deathmatch 2
half-life,Half-Life
blackwell epiphany,Blackwell Epiphany
darwinia,Darwinia
geometry dash,Geometry Dash
dino d-day,Dino D-Day
cards and castles,Cards and Castles
gary grigsby's war in the east,Gary Grigsby's War in the East
eidolon,Eidolon
alan wake,Alan Wake
cannons lasers rockets,Cannons Lasers Rockets
one finger death punch,One Finger Death Punch
freedom fall,Freedom Fall
fairy fencer f,Fairy Fencer F
battle islands,Battle Islands
international snooker,International Snooker
lost planet 3,LOST PLANET® 3
fishing planet,Fishing Planet
darkstone,Darkstone
kill fun yeah,Kill Fun Yeah
street racing syndicate,Street Racing Syndicate
war of the human tanks,War of the Human Tanks
town of salem,Town of Salem
subspace continuum,Subspace Continuum
one way heroics,One Way Heroics
alien rage - unlimited,Alien Rage - Unlimited
super 3-d noah's ark,Super 3-D Noah's Ark
guncraft,Guncraft
gateways,Gateways
sonic adventure dx,Sonic Adventure DX
age of wonders shadow magic,Age of Wonders Shadow Magic
the forgotten ones,The Forgotten Ones
legendary,Legendary
europa universalis iv,Europa Universalis IV
zeno clash,Zeno Clash
1000 amps,1000 Amps
amazing princess sarah,Amazing Princess Sarah
wings! remastered edition,Wings! Remastered Edition
sweezy gunner,Sweezy Gunner
the chaos engine,The Chaos Engine
bob was hungry,Bob Was Hungry
viking brothers,Viking Brothers
daikatana,Daikatana
sniper elite,Sniper Elite
solar shifter ex,Solar Shifter EX
hook,Hook
grav,GRAV
devil may cry 3 special edition,Devil May Cry® 3 Special Edition
warp,Warp
little farm,Little Farm
anomaly warzone earth mobile campaign,Anomaly Warzone Earth Mobile Campaign
the guild gold edition,The Guild Gold Edition
psychonauts,Psychonauts
in between,In Between
samorost 2,Samorost 2
ibomber defense pacific,iBomber Defense Pacific
canyon capers,Canyon Capers
software inc.,Software Inc.
wooden floor,Wooden Floor
dying light,Dying Light
wildlife park 2 - marine world,Wildlife Park 2 - Marine World
orcs must die! 2,Orcs Must Die! 2
la-mulana,La-Mulana
war operations,War Operations
fist puncher,Fist Puncher
lords of the realm iii,Lords of the Realm III
avseq,AVSEQ
undertale,Undertale
the path,The Path
ironclad tactics,Ironclad Tactics
farm for your life,Farm for your Life
crypt of the necrodancer,Crypt of the NecroDancer
crazy machines elements,Crazy Machines Elements
five nights at freddy's 4,Five Nights at Freddy's 4
supreme commander 2,Supreme Commander 2
grand class melee 2,Grand Class Melee 2
snapshot,Snapshot
gemcraft - chasing shadows,GemCraft - Chasing Shadows
robot roller-derby disco dodgeball,Robot Roller-Derby Disco Dodgeball
crusader kings complete,Crusader Kings Complete
braid,Braid
infested planet,Infested Planet
olliolli,OlliOlli
greed corp,Greed Corp
stardrive,StarDrive
beep,BEEP
frozen synapse,Frozen Synapse
robotex,Robotex
kerbal space program,Kerbal Space Program
finding teddy,Finding Teddy
rayman legends,Rayman® Legends
unhack,Unhack
alien zombie megadeath,Alien Zombie Megadeath
astro tripper,Astro Tripper
revenge of the titans,Revenge of the Titans
freedom planet,Freedom Planet
incoming forces,Incoming Forces
legions of ashworld,Legions of Ashworld
tryst,Tryst
numba deluxe,Numba Deluxe
airbuccaneers,AirBuccaneers
aftermath,Aftermath
the counting kingdom,The Counting Kingdom
circuits,Circuits
bit.trip runner,BIT.TRIP RUNNER
hacker evolution duality,Hacker Evolution Duality
geneforge 1,Geneforge 1
sentris,Sentris
call to arms,Call to Arms
firefighters 2014,Firefighters 2014
iron brigade,Iron Brigade
lovely planet,Lovely Planet
adventures of shuggy,Adventures of Shuggy
diaper dash,Diaper Dash®
little inferno,Little Inferno
worms ultimate mayhem,Worms Ultimate Mayhem
mosby's confederacy,Mosby's Confederacy
the black watchmen,The Black Watchmen
unstoppable gorg,Unstoppable Gorg
all is dust,All Is Dust
nightsky,NightSky
anna's quest,Anna's Quest
the raven - legacy of a master thief,The Raven - Legacy of a Master Thief
automation - the car company tycoon game,Automation - The Car Company Tycoon Game
universal combat ce,Universal Combat CE
knytt underground,Knytt Underground
l.a. noire,L.A. Noire
eve online,EVE Online
dream of mirror online,Dream Of Mirror Online
mad max,Mad Max
sanctum 2,Sanctum 2
dark,DARK
naval warfare,Naval Warfare
prototype,PROTOTYPE
grid,GRID
among ripples,Among Ripples
azure striker gunvolt,Azure Striker Gunvolt
pool nation,Pool Nation
quake iii arena,Quake III Arena
deathtrap,Deathtrap
running with rifles,RUNNING WITH RIFLES
500 years act 1,500 Years Act 1
putt-putt joins the parade,Putt-Putt® Joins the Parade
metrocide,Metrocide
hexcells,Hexcells
sniper elite 3,Sniper Elite 3
the night of the rabbit,The Night of the Rabbit
crazy taxi,Crazy Taxi
necrovision,NecroVision
shattered haven,Shattered Haven
runers,Runers
"i have no mouth, and i must scream","I Have No Mouth, and I Must Scream"
nuclear dawn,Nuclear Dawn
final dusk,Final Dusk
shadow warrior classic redux,Shadow Warrior Classic Redux
tom clancy's splinter cell chaos theory,Tom Clancy's Splinter Cell Chaos Theory®
star crusade ccg,Star Crusade CCG
supreme commander,Supreme Commander
remember me,Remember Me
anomaly defenders,Anomaly Defenders
remnants of isolation,Remnants Of Isolation
roguelands,Roguelands
torchlight,Torchlight
warmode,WARMODE
time ramesside (a new reckoning),Time Ramesside (A New Reckoning)
super puzzle platformer deluxe,Super Puzzle Platformer Deluxe
outlast,Outlast
you don't know jack vol. 1 xl,YOU DON'T KNOW JACK Vol. 1 XL
cubemen 2,Cubemen 2
medieval engineers,Medieval Engineers
unmechanical,Unmechanical
gt legends,GT Legends
fatty maze's adventures,Fatty Maze's Adventures
edge,EDGE
secrets of grindea,Secrets of Grindea
the forest,The Forest
guilty gear isuka,Guilty Gear Isuka
intrusion 2,Intrusion 2
tomb raider i,Tomb Raider I
confrontation,Confrontation
satazius,SATAZIUS
captain morgane and the golden turtle,Captain Morgane and the Golden Turtle
anarchy arcade,Anarchy Arcade
cities in motion 2,Cities in Motion 2
planet explorers,Planet Explorers
dark sector,Dark Sector
primordia,Primordia
nexuiz,Nexuiz
the tower of elements,The Tower Of Elements
geneforge 2,Geneforge 2
eastside hockey manager,Eastside Hockey Manager
overcast - walden and the werewolf,Overcast - Walden and the Werewolf
naninights,Naninights
hammerfight,Hammerfight
legend of grimrock 2,Legend of Grimrock 2
the maw,The Maw
chains,Chains
rime berta,Rime Berta
rise of venice,Rise of Venice
draconian wars,Draconian Wars
the swapper,The Swapper
peggle deluxe,Peggle Deluxe
the i of the dragon,The I of the Dragon
lumber island - that special place,Lumber Island - That Special Place
euro truck simulator,Euro Truck Simulator
two brothers,Two Brothers
super panda adventures,Super Panda Adventures
starseed pilgrim,Starseed Pilgrim
teslagrad,Teslagrad
realms of the haunting,Realms of the Haunting
apollo4x,Apollo4x
devils & demons,Devils & Demons
bardbarian,Bardbarian
submerged,Submerged
journey of a roach,Journey of a Roach
140,140
overlord ii,Overlord II
one day for ched,ONE DAY for Ched
cat goes fishing,Cat Goes Fishing
worms crazy golf,Worms Crazy Golf
the walking dead,The Walking Dead
ampu-tea,Ampu-Tea
call of tomsk-7,Call of Tomsk-7
3089 -- futuristic action rpg,3089 -- Futuristic Action RPG
stronghold kingdoms,Stronghold Kingdoms
vanguard princess,Vanguard Princess
"papers, please","Papers, Please"
banished,Banished
dungeon siege,Dungeon Siege
sid meier's railroads!,Sid Meier's Railroads!
alien shooter,Alien Shooter
crouching pony hidden dragon,Crouching Pony Hidden Dragon
system shock 2,System Shock 2
distance,Distance
black mesa,Black Mesa
dungeon defenders,Dungeon Defenders
labyrinthine dreams,Labyrinthine Dreams
asteria,Asteria
space empires v,Space Empires V
collapse,Collapse
airport simulator 2014,Airport Simulator 2014
the long dark,The Long Dark
the book of unwritten tales 2,The Book of Unwritten Tales 2
doodle god,Doodle God
gridrunner revolution,Gridrunner Revolution
recycle,RECYCLE
the secret of hildegards,The Secret Of Hildegards
symphony,Symphony
the book of unwritten tales,The Book of Unwritten Tales
3switched,3SwitcheD
ori and the blind forest,Ori and the Blind Forest
hoard,HOARD
crowntakers,Crowntakers
trucks & trailers,Trucks & Trailers
super chain crusher horizon,Super Chain Crusher Horizon
pretty girls mahjong solitaire,Pretty Girls Mahjong Solitaire
danmaku unlimited 2,Danmaku Unlimited 2
breezeblox,Breezeblox
electronic super joy,Electronic Super Joy
arx fatalis,Arx Fatalis
road not taken,Road Not Taken
democracy 2,Democracy 2
get off my lawn!,Get Off My Lawn!
subnautica,Subnautica
victoria ii,Victoria II
super lemonade factory,Super Lemonade Factory
arcadia,Arcadia
pox nora,Pox Nora
citadels,Citadels
mainland,Mainland
dead rising 2,Dead Rising® 2
star wolves,Star Wolves
amazing adventures around the world,Amazing Adventures Around the World
sang-froid - tales of werewolves,Sang-Froid - Tales of Werewolves
putt-putt goes to the moon,Putt-Putt® Goes to the Moon
of orcs and men,Of Orcs And Men
r.o.o.t.s,R.O.O.T.S
saints row iv,Saints Row IV
toki tori,Toki Tori
kanji training game,Kanji Training Game
trouble in the manor,Trouble In The Manor
wickland,Wickland
pillars of eternity,Pillars of Eternity
realms of arkania 3 - shadows over riva classic,Realms of Arkania 3 - Shadows over Riva Classic
port royale 2,Port Royale 2
404sight,404Sight
darkest dungeon,Darkest Dungeon®
crystal caves,Crystal Caves
monuments of mars,Monuments of Mars
alum,Alum
else heart.break(),Else Heart.Break()
arcane worlds,Arcane Worlds
final fantasy viii,FINAL FANTASY VIII
diehard dungeon,Diehard Dungeon
blackguards,Blackguards
the basement collection,The Basement Collection
deathspank,DeathSpank
bridge constructor playground,Bridge Constructor Playground
holy avatar vs. maidens of the dead,Holy Avatar vs. Maidens of the Dead
you don't know jack vol. 4 the ride,YOU DON'T KNOW JACK Vol. 4 The Ride
rift's cave,Rift's Cave
jack lumber,Jack Lumber
clutch,Clutch
spectraball,Spectraball
terminal velocity,Terminal Velocity
just cause,Just Cause
hatoful boyfriend,Hatoful Boyfriend
fortix 2,Fortix 2
gold rush! anniversary,Gold Rush! Anniversary
environmental station alpha,Environmental Station Alpha
quake,Quake
in space,in Space
battle mages,Battle Mages
blast em!,Blast Em!
two worlds epic edition,Two Worlds Epic Edition
hexen ii,HeXen II
amygdala,Amygdala
ether vapor remaster,ETHER VAPOR Remaster
secret agent,Secret Agent
warehouse and logistics simulator,Warehouse and Logistics Simulator
mata hari,Mata Hari
chaos on deponia,Chaos on Deponia
scoregasm,Scoregasm
heroes of might & magic iii - hd edition,Heroes® of Might & Magic® III - HD Edition
hidden object bundle 5 in 1,Hidden Object Bundle 5 in 1
helldorado,Helldorado
putt-putt saves the zoo,Putt-Putt® Saves The Zoo
pound of ground,Pound of Ground
worms reloaded,Worms Reloaded
ibb & obb,ibb & obb
puzzle station 15th anniversary retro release,Puzzle Station 15th Anniversary Retro Release
spacecorn,SpaceCorn
the wonderful end of the world,The Wonderful End of the World
split/second,Split/Second
the universim,The Universim
joe danger,Joe Danger
battlepaths,Battlepaths
pacific storm allies,Pacific Storm Allies
orbital gear,Orbital Gear
zombi,ZOMBI
hammerwatch,Hammerwatch
tales of zestiria,Tales of Zestiria
twin sector,Twin Sector
gravi,Gravi
deadlight,Deadlight
eden*,eden*
receiver,Receiver
hand of fate,Hand of Fate
botanicula,Botanicula
shadow of kingdoms,Shadow of Kingdoms
sakura clicker,Sakura Clicker
alter ego,Alter Ego
kingdoms,KINGDOMS
assetto corsa,Assetto Corsa
poly bridge,Poly Bridge
seven kingdoms 2 hd,Seven Kingdoms 2 HD
cricket revolution,Cricket Revolution
magnifico,Magnifico
master reboot,Master Reboot
the incredible adventures of van helsing ii,The Incredible Adventures of Van Helsing II
blitzkrieg anthology,Blitzkrieg Anthology
space warp,Space Warp
spiral knights,Spiral Knights
wildlife park 2 - farm world,Wildlife Park 2 - Farm World
the novelist,The Novelist
bit odyssey,Bit Odyssey
gravity ghost,Gravity Ghost
bleed,Bleed
anomaly 2,Anomaly 2
spacecom,SPACECOM
towtruck simulator 2015,Towtruck Simulator 2015
akane the kunoichi,Akane the Kunoichi
stranded deep,Stranded Deep
project aura,Project AURA
memento mori,Memento Mori
guild commander,Guild Commander
epic battle fantasy 4,Epic Battle Fantasy 4
faeverse alchemy,FaeVerse Alchemy
planetbase,Planetbase
sheltered,Sheltered
gimbal,Gimbal
the repopulation,The Repopulation
heli heroes,Heli Heroes
rfactor,rFactor
dragon nest europe,Dragon Nest Europe
still life,Still Life
words for evil,Words for Evil
gravilon,gravilon
just get through,Just Get Through
melissa k. and the heart of gold collector's edition,Melissa K. and the Heart of Gold Collector's Edition
spoiler alert,Spoiler Alert
auditorium,Auditorium
sid meier's starships,Sid Meier's Starships
deadly 30,Deadly 30
train fever,Train Fever
sc2vn - the esports visual novel,SC2VN - The eSports Visual Novel
the swindle,The Swindle
dracula 4 and  5 - special steam edition,Dracula 4 and  5 - Special Steam Edition
hero siege,Hero Siege
darkstar one,Darkstar One
depression quest,Depression Quest
eurofighter typhoon,Eurofighter Typhoon
airline tycoon 2,Airline Tycoon 2
guild wars trilogy,Guild Wars® Trilogy
far cry,Far Cry®
warlock - master of the arcane,Warlock - Master of the Arcane
pro cycling manager 2015,Pro Cycling Manager 2015
the great art race,The Great Art Race
quantz,Quantz
return to mysterious island,Return to Mysterious Island
eufloria hd,Eufloria HD
schein,Schein
super hexagon,Super Hexagon
i am bread,I Am Bread
tower of guns,Tower of Guns
mdk 2,MDK 2
rock of ages,Rock of Ages
la tale,La Tale
pharaoh's tomb,Pharaoh's Tomb
alan wake's american nightmare,Alan Wake's American Nightmare
exceed 3rd - jade penetrate black package,eXceed 3rd - Jade Penetrate Black Package
rfactor 2,rFactor 2
jumpdrive,Jumpdrive
this war of mine,This War of Mine
dragon's lair,Dragon's Lair
blockstorm,Blockstorm
absolute drift,Absolute Drift
gish,Gish
humanity asset,Humanity Asset
homeworld remastered collection,Homeworld Remastered Collection
eaten alive,Eaten Alive
the escapists,The Escapists
retrovirus,Retrovirus
war for the overworld,War for the Overworld
summoner,Summoner
waking mars,Waking Mars
rulers of nations,Rulers of Nations
tulpa,Tulpa
villagers and heroes,Villagers and Heroes
imperium romanum gold edition,Imperium Romanum Gold Edition
plug & play,Plug & Play
the howler,The Howler
the vanishing of ethan carter,The Vanishing of Ethan Carter
bad hotel,Bad Hotel
the silent age,The Silent Age
lords of the realm,Lords of the Realm
praetorians,Praetorians
the treasures of montezuma 4,The Treasures of Montezuma 4
republique,Republique
parkan 2,Parkan 2
inside a star-filled sky,Inside a Star-filled Sky
ducati world championship,Ducati World Championship
hotel collectors edition,Hotel Collectors Edition
the cat and the coup,The Cat and the Coup
multiwinia,Multiwinia
blackguards 2,Blackguards 2
don bradman cricket 14,Don Bradman Cricket 14
one night,One Night
besiege,Besiege
tobe's vertical adventure,Tobe's Vertical Adventure
fract osc,FRACT OSC
lego jurassic world,LEGO® Jurassic World
carmageddon max pack,Carmageddon Max Pack
final fantasy iii,FINAL FANTASY III
a golden wake,A Golden Wake
marvel puzzle quest,MARVEL Puzzle Quest
tomb raider,Tomb Raider
mighty gunvolt,Mighty Gunvolt
close your eyes,Close Your Eyes
ether one,Ether One
cave story+,Cave Story+
rush for glory,Rush for Glory
randal's monday,Randal's Monday
face noir,Face Noir
jet car stunts,Jet Car Stunts
samantha swift and the hidden roses of athena,Samantha Swift and the Hidden Roses of Athena
angels fall first,Angels Fall First
shadowgrounds survivor,Shadowgrounds Survivor
steam marines,Steam Marines
12 labours of hercules,12 Labours of Hercules
starpoint gemini,Starpoint Gemini
jagged alliance 2 - wildfire,Jagged Alliance 2 - Wildfire
final fantasy v,FINAL FANTASY V
serious sam 2,Serious Sam 2
shift 2 unleashed,Shift 2 Unleashed
rodina,Rodina
secret ponchos,Secret Ponchos
samurai warriors 4-ii,SAMURAI WARRIORS 4-II
ride 'em low,Ride 'em Low
syder arcade,Syder Arcade
moonbase alpha,Moonbase Alpha
trip steam edition,TRIP Steam Edition
shadowgate,Shadowgate
lara croft and the guardian of light,Lara Croft and the Guardian of Light
the guild ii - pirates of the european seas,The Guild II - Pirates of the European Seas
fortix,Fortix
the clockwork man,The Clockwork Man
gauge,GAUGE
the shivah,The Shivah
damned,Damned
the king of fighters xiii steam edition,THE KING OF FIGHTERS XIII STEAM EDITION
teddy floppy ear - mountain adventure,Teddy Floppy Ear - Mountain Adventure
party of sin,Party of Sin
the ritual on weylyn island,The Ritual on Weylyn Island
reprisal universe,Reprisal Universe
gunman clive 2,Gunman Clive 2
cubemen,Cubemen
a bird story,A Bird Story
aaaaaaaaaaaaaaaaaaaaaaaaa!!! for the awesome,AaaaaAAaaaAAAaaAAAAaAAAAA!!! for the Awesome
the detail,The Detail
princess isabella,Princess Isabella
dig or die,Dig or Die
metal slug x,METAL SLUG X
realms of arkania 1 - blade of destiny classic,Realms of Arkania 1 - Blade of Destiny Classic
sky battles,Sky Battles
knock-knock,Knock-knock
gang beasts,Gang Beasts
sonic adventure 2,Sonic Adventure 2
hearts of iron iii,Hearts of Iron III
choice of robots,Choice of Robots
hocus pocus,Hocus Pocus
tidalis,Tidalis
krater,Krater
make it indie!,Make it indie!
hard truck apocalypse / ex machina,Hard Truck Apocalypse / Ex Machina
crysis warhead,Crysis Warhead®
duke nukem forever,Duke Nukem Forever
tom clancy's splinter cell,Tom Clancy's Splinter Cell®
bunch of heroes,Bunch of Heroes
ubersoldier ii,Ubersoldier II
redshirt,Redshirt
super dungeon run,Super Dungeon Run
elsword,Elsword
platformines,Platformines
back to bed,Back to Bed
puzzle bots,Puzzle Bots
audition online,Audition Online
power-up,Power-Up
monday night combat,Monday Night Combat
eradicator,Eradicator
race the sun,Race The Sun
post master,Post Master
the longest journey,The Longest Journey
kyn,Kyn
beyond gravity,Beyond Gravity
angry video game nerd adventures,Angry Video Game Nerd Adventures
16bit trader,16bit Trader
worms,Worms
space hack,Space Hack
bejeweled twist,Bejeweled Twist
gun metal,Gun Metal
rustbucket rumble,Rustbucket Rumble
white noise online,White Noise Online
zombie army trilogy,Zombie Army Trilogy
toy soldiers,Toy Soldiers
ultra street fighter iv,Ultra Street Fighter® IV
selknam defense,Selknam Defense
kingdom tales,Kingdom Tales
worms clan wars,Worms Clan Wars
neo scavenger,NEO Scavenger
new star soccer 5,New Star Soccer 5
death rally (classic),Death Rally (Classic)
luxuria superbia,Luxuria Superbia
soma,SOMA
choice of the deathless,Choice of the Deathless
gare sapphire mechs,Gare Sapphire Mechs
math rescue,Math Rescue
the floor is jelly,The Floor is Jelly
secret of magia,Secret Of Magia
red faction guerrilla steam edition,Red Faction Guerrilla Steam Edition
pro rugby manager 2015,Pro Rugby Manager 2015
the guild ii renaissance,The Guild II Renaissance
delve deeper,Delve Deeper
mount & blade,Mount & Blade
season match 3 - curse of the witch crow,Season Match 3 - Curse of the Witch Crow
doom 3,DOOM 3
insanity's blade,Insanity's Blade
the inner world,The Inner World
bastion,Bastion
grass simulator,Grass Simulator
unepic,UnEpic
paper sorcerer,Paper Sorcerer
kings of kung fu,Kings of Kung Fu
dodge,Dodge
spacechem,SpaceChem
dungeon crawlers hd,Dungeon Crawlers HD
farm machines championships 2014,Farm Machines Championships 2014
major mayhem,Major Mayhem
lunar flight,Lunar Flight
the jackbox party pack,The Jackbox Party Pack
cannon fodder 3,Cannon Fodder 3
game of thrones,Game of Thrones
jet gunner,Jet Gunner
where is my heart?,Where is my Heart?
hospital tycoon,Hospital Tycoon
freddi fish and luther's water worries,Freddi Fish and Luther's Water Worries
grow home,Grow Home
crystals of time,Crystals of Time
carpe diem,Carpe Diem
clans,Clans
contraption maker,Contraption Maker
screencheat,Screencheat
the dreamatorium of dr. magnus 2,The Dreamatorium of Dr. Magnus 2
wakfu,WAKFU
blockscape,Blockscape
plain sight,Plain Sight
puzzle kingdoms,Puzzle Kingdoms
the adventures of mr. bobley,The Adventures of Mr. Bobley
blood knights,Blood Knights
boson x,Boson X
doom & destiny,Doom & Destiny
big brain wolf,Big Brain Wolf
the lost crown,The Lost Crown
card hunter,Card Hunter
big money! deluxe,Big Money! Deluxe
heavy bullets,Heavy Bullets
wacky wheels,Wacky Wheels
synergy,Synergy
a walk in the dark,A Walk in the Dark
transistor,Transistor
a new beginning - final cut,A New Beginning - Final Cut
kill the bad guy,Kill The Bad Guy
cinders,Cinders
descent 3,Descent 3
who's that flying?!,Who's That Flying?!
shatter,Shatter
catmouth island,Catmouth Island
no time to explain remastered,No Time To Explain Remastered
call of duty,Call of Duty®
detective grimoire,Detective Grimoire
freddi fish and luther's maze madness,Freddi Fish and Luther's Maze Madness
tom clancy's rainbow six vegas 2,Tom Clancy's Rainbow Six® Vegas 2
bloop,Bloop
teddy floppy ear - the race,Teddy Floppy Ear - The Race
unreal gold,Unreal Gold
reflex,Reflex
spelunky,Spelunky
waves,Waves
massive chalice,MASSIVE CHALICE
lyne,LYNE
major stryker,Major Stryker
emergency 2014,Emergency 2014
mad games tycoon,Mad Games Tycoon
camera obscura,Camera Obscura
point perfect,Point Perfect
smugglers 5,Smugglers 5
fritz chess 14,Fritz Chess 14
galactic arms race,Galactic Arms Race
missing translation,Missing Translation
flight control hd,Flight Control HD
brawlhalla,Brawlhalla
monstrum,Monstrum
frontiers,FRONTIERS
fine sweeper,Fine Sweeper
cargo commander,Cargo Commander
isaac the adventurer,Isaac the Adventurer
eador. masters of the broken world,Eador. Masters of the Broken World
euro fishing,Euro Fishing
five nights at freddy's 3,Five Nights at Freddy's 3
castle,Castle
insane 2,Insane 2
blob from space,Blob From Space
the red solstice,The Red Solstice
quiplash,Quiplash
f.e.a.r.,F.E.A.R.
septerra core,Septerra Core
flesh eaters,Flesh Eaters
world basketball tycoon,World Basketball Tycoon
fancy skulls,Fancy Skulls
demonicon,Demonicon
king of dragon pass,King of Dragon Pass
still life 2,Still Life 2
and yet it moves,And Yet It Moves
pirates of black cove,Pirates of Black Cove
hack 'n' slash,Hack 'n' Slash
swords and soldiers hd,Swords and Soldiers HD
passing pineview forest,Passing Pineview Forest
cricket captain 2014,Cricket Captain 2014
soldier front 2,Soldier Front 2
far cry 2,Far Cry® 2
emily is away,Emily is Away
spectromancer,Spectromancer
a wizard's lizard,A Wizard's Lizard
reassembly,Reassembly
a valley without wind 2,A Valley Without Wind 2
reign of kings,Reign Of Kings
duskers,Duskers
shank,Shank
the jackbox party pack 2,The Jackbox Party Pack 2
saira,Saira
arena wars 2,Arena Wars 2
stranded,Stranded
hamilton's great adventure,Hamilton's Great Adventure
99 spirits,99 Spirits
entropy,Entropy
hyperdimension neptunia re;birth1,Hyperdimension Neptunia Re;Birth1
singularity,SINGULARITY
lucius,Lucius
tis-100,TIS-100
orborun,Orborun
sid meier's civilization iii complete,Sid Meier's Civilization® III Complete
battle brothers,Battle Brothers
bridge constructor,Bridge Constructor
before the echo,Before the Echo
devil's bluff,Devil's Bluff
a valley without wind,A Valley Without Wind
corona motorsport,Corona MotorSport
desert gunner,Desert Gunner
belladonna,Belladonna
civil war ii,Civil War II
crayon physics deluxe,Crayon Physics Deluxe
potatoman seeks the troof,Potatoman Seeks the Troof
pink heaven,Pink Heaven
blackwell convergence,Blackwell Convergence
freaking meatbags,Freaking Meatbags
darkout,Darkout
world ship simulator,World Ship Simulator
another perspective,Another Perspective
trauma,Trauma
ancient space,Ancient Space
knights and merchants,Knights and Merchants
soul gambler,Soul Gambler
world of goo,World of Goo
disciples sacred lands gold,Disciples Sacred Lands Gold
hidden object bundle 4 in 1,Hidden Object Bundle 4 in 1
carmageddon tdr 2000,Carmageddon TDR 2000
particle mace,PARTICLE MACE
a game of thrones - genesis,A Game of Thrones - Genesis
lilly looking through,Lilly Looking Through
bit evolution,BiT Evolution
loki,Loki
ihf handball challenge 12,IHF Handball Challenge 12
aeon command,Aeon Command
uplink,Uplink
the guild ii,The Guild II
evoland,Evoland
slam bolt scrappers,Slam Bolt Scrappers
obscure,Obscure
goats on a bridge,Goats on a Bridge
descent,Descent
total annihilation,Total Annihilation
kholat,Kholat
oh! rpg!,OH! RPG!
shipwreck,Shipwreck
starwhal,STARWHAL
mayhem intergalactic,Mayhem Intergalactic
toki tori 2+,Toki Tori 2+
jamestown,Jamestown
guilty gear xrd -sign-,GUILTY GEAR Xrd -SIGN-
super distro,SUPER DISTRO
planets under attack,Planets Under Attack
our love will grow,Our Love Will Grow
solar flux,Solar Flux
penny arcade's on the rain-slick precipice of darkness 4,Penny Arcade's On the Rain-Slick Precipice of Darkness 4
starion tactics,Starion Tactics
fingerbones,Fingerbones
consortium,CONSORTIUM
jet set radio,Jet Set Radio
beyond divinity,Beyond Divinity
timberman,Timberman
autobahn police simulator,Autobahn Police Simulator
lords of the realm ii,Lords of the Realm II
luftrausers,LUFTRAUSERS
slave zero,Slave Zero
keep talking and nobody explodes,Keep Talking and Nobody Explodes
unholy heights,Unholy Heights
you have to win the game,You Have to Win the Game
world of mixed martial arts 3,World of Mixed Martial Arts 3
putt-putt enters the race,Putt-Putt® Enters the Race
monster bash,Monster Bash
miner wars arena,Miner Wars Arena
postal,POSTAL
gold rush! classic,Gold Rush! Classic
knights of pen and paper 2,Knights of Pen and Paper 2
probably archery,Probably Archery
reaper - tale of a pale swordsman,Reaper - Tale of a Pale Swordsman
pacific storm,Pacific Storm
the kings' crusade,The Kings' Crusade
tom clancy's splinter cell double agent,Tom Clancy's Splinter Cell Double Agent®
holy potatoes! a weapon shop?!,Holy Potatoes! A Weapon Shop?!
triple town,Triple Town
beat hazard,Beat Hazard
"hack, slash, loot","Hack, Slash, Loot"
nevermind,Nevermind
rogue legacy,Rogue Legacy
dinertown tycoon,DinerTown Tycoon
knightmare tower,Knightmare Tower
bullet heaven 2,Bullet Heaven 2
the blue flamingo,The Blue Flamingo
grim fandango remastered,Grim Fandango Remastered
cubic castles,Cubic Castles
shelter 2,Shelter 2
dungeon siege iii,Dungeon Siege III
wildlife park 2 - crazy zoo,Wildlife Park 2 - Crazy Zoo
famaze,Famaze
lords of the black sun,Lords of the Black Sun
narcissu 1st & 2nd,Narcissu 1st & 2nd
infinifactory,Infinifactory
depth,Depth
garden rescue,Garden Rescue
metal drift,Metal Drift
hacknet,Hacknet
blazerush,BlazeRush
a druid's duel,A Druid's Duel
bus driver,Bus Driver
dwarfs!?,Dwarfs!?
cyto,Cyto
they bleed pixels,They Bleed Pixels
aquaria,Aquaria
hatred,Hatred
samurai_jazz,samurai_jazz
monster loves you!,Monster Loves You!
zuma deluxe,Zuma Deluxe
lugaru hd,Lugaru HD
depths of peril,Depths of Peril
age of wonders iii,Age of Wonders III
litil divil,Litil Divil
ronin,RONIN
a.i.m.2 clan wars,A.I.M.2 Clan Wars
gas guzzlers extreme,Gas Guzzlers Extreme
sherlock holmes and the hound of the baskervilles,Sherlock Holmes and The Hound of The Baskervilles
cities in motion,Cities in Motion
gnomoria,Gnomoria
kamui,KAMUI
shelter,Shelter
evil genius,Evil Genius
flotilla,Flotilla
jets'n'guns gold,Jets'n'Guns Gold
port of call,Port of Call
echoes+,Echoes+
pixel survivors,Pixel Survivors
eldritch,Eldritch
hurtworld,Hurtworld
vangers,Vangers
mr. robot,Mr. Robot
mushroom 11,Mushroom 11
caster,Caster
worms armageddon,Worms Armageddon
bejeweled deluxe,Bejeweled Deluxe
advent rising,Advent Rising
spy chameleon - rgb agent,Spy Chameleon - RGB Agent
painkiller overdose,Painkiller Overdose
ironcast,Ironcast
sakura swim club,Sakura Swim Club
rooster teeth vs. zombiens,Rooster Teeth vs. Zombiens
divekick,Divekick
richard & alice,Richard & Alice
rex nebular and the cosmic gender bender,Rex Nebular and the Cosmic Gender Bender
hello kitty and sanrio friends racing,Hello Kitty and Sanrio Friends Racing
kickbeat steam edition,KickBeat Steam Edition
bard to the future,Bard to the Future
starforge,Starforge
ghost master,Ghost Master®
darkend,DarkEnd
cronix,CroNix
runestone keeper,Runestone Keeper
home,Home
realms of arkania 2 - star trail classic,Realms of Arkania 2 - Star Trail Classic
alien hallway,Alien Hallway
viridi,Viridi
take on helicopters,Take On Helicopters
driving school simulator,Driving School Simulator
space empires iv deluxe,Space Empires IV Deluxe
the entente gold,The Entente Gold
elementary my dear majesty!,Elementary My Dear Majesty!
putt-putt and pep's balloon-o-rama,Putt-Putt® and Pep's Balloon-o-Rama
swipecart,Swipecart
assassin's creed syndicate,Assassin's Creed® Syndicate
metal slug 3,METAL SLUG 3
questrun,QuestRun
antichamber,Antichamber
zack zero,Zack Zero
over 9000 zombies!,Over 9000 Zombies!
fallout 4,Fallout 4
dungeons of dredmor,Dungeons of Dredmor
mount your friends,Mount Your Friends
borealis,Borealis
crazy plant shop,Crazy Plant Shop
farming simulator 2011,Farming Simulator 2011
papo & yo,Papo & Yo
motorbike,Motorbike
fantasy wars,Fantasy Wars
superpower 2 steam edition,SuperPower 2 Steam Edition
broken sword 5 - the serpent's curse,Broken Sword 5 - the Serpent's Curse
skulls of the shogun,Skulls of the Shogun
aliens versus predator classic 2000,Aliens versus Predator Classic 2000
ride! carnival tycoon,Ride! Carnival Tycoon
not the robots,Not The Robots
xotic,Xotic
vertiginous golf,Vertiginous Golf
speedball 2 hd,Speedball 2 HD
oknytt,Oknytt
maia,Maia
american conquest,American Conquest
the promised land,The Promised Land
dream tale,Dream Tale
a story about my uncle,A Story About My Uncle
contrast,Contrast
lume,Lume
blaster shooter gunguy!,Blaster Shooter GunGuy!
racer 8,Racer 8
miner wars 2081,Miner Wars 2081
sunless sea,SUNLESS SEA
professional farmer 2014,Professional Farmer 2014
air forte,Air Forte
dex,Dex
deadfall adventures,Deadfall Adventures
the incredible adventures of van helsing iii,The Incredible Adventures of Van Helsing III
dungeon souls,Dungeon Souls
bit.trip fate,BIT.TRIP FATE
retro/grade,Retro/Grade
duck game,Duck Game
the cat lady,The Cat Lady
assassin's creed freedom cry,Assassin's Creed Freedom Cry
big pharma,Big Pharma
mafia,Mafia
spirit of war,Spirit of War
tales from the borderlands,Tales from the Borderlands
battlestations pacific,Battlestations Pacific
downwell,Downwell
fate,FATE
into the dark,Into The Dark
space farmers,Space Farmers
akuatica,Akuatica
tiny barbarian dx,Tiny Barbarian DX
faerie solitaire,Faerie Solitaire
from dust,From Dust
bad mojo redux,Bad Mojo Redux
epic cards battle(tcg),Epic Cards Battle(TCG)
puzzle agent 2,Puzzle Agent 2
farming world,Farming World
rampage knights,Rampage Knights
gravity badgers,Gravity Badgers
unium,Unium
genesis online,Genesis Online
full spectrum warrior,Full Spectrum Warrior
the last warlock,The Last Warlock
the evil within,The Evil Within
apox,APOX
elven legacy,Elven Legacy
command hq,Command HQ
meltdown,Meltdown
shadows of war,Shadows of War
terablaster,TeraBlaster
dungeons 2,Dungeons 2
heavy weapon deluxe,Heavy Weapon Deluxe
worms blast,Worms Blast
3 stars of destiny,3 Stars of Destiny
super chibi knight,Super Chibi Knight
fort defense,Fort Defense
street fighter iv,Street Fighter® IV
the culling of the cows,The Culling Of The Cows
endless sky,Endless Sky
tetrobot and co.,Tetrobot and Co.
the nightmare cooperative,The Nightmare Cooperative
squirreltopia,Squirreltopia
blade symphony,Blade Symphony
etherlords,Etherlords
silent hunter iii,Silent Hunter® III
snuggle truck,Snuggle Truck
dark ages,Dark Ages
spartans vs zombies defense,Spartans Vs Zombies Defense
captain forever remix,Captain Forever Remix
adventurer manager,Adventurer Manager
ultimate tic-tac-toe,Ultimate Tic-Tac-Toe
towerfall ascension,TowerFall Ascension
bionic commando,Bionic Commando
murder miners,Murder Miners
east india company,East India Company
x-blades,X-Blades
constant c,Constant C
post mortem,Post Mortem
signal ops,Signal Ops
prophour23,Prophour23
geneforge 3,Geneforge 3
wolfenstein 3d,Wolfenstein 3D
elite dangerous,Elite Dangerous
kingdom wars,Kingdom Wars
bit.trip core,BIT.TRIP CORE
anoxemia,Anoxemia
templar battleforce,Templar Battleforce
pyramid raid,Pyramid Raid
ys origin,Ys Origin
theatre of war,Theatre of War
sword of the samurai,Sword of the Samurai
khet 2.0,Khet 2.0
far cry 4,Far Cry® 4
chaser,Chaser
bio menace,Bio Menace
pier solar and the great architects,Pier Solar and the Great Architects
sandmason,Sandmason
putt-putt travels through time,Putt-Putt® Travels Through Time
anna - extended edition,Anna - Extended Edition
aberoth,Aberoth
abyss odyssey,Abyss Odyssey
legend of dungeon,Legend of Dungeon
mega man legacy collection,Mega Man Legacy Collection
ship simulator extremes,Ship Simulator Extremes
salt,Salt
the static speaks my name,the static speaks my name
velvet assassin,Velvet Assassin
explodemon,Explodemon
rogue's tale,Rogue's Tale
project temporality,Project Temporality
particula,Particula
gorky 17,Gorky 17
english country tune,English Country Tune
alter world,Alter World
primal fears,Primal Fears
thief town,Thief Town
shattered planet,Shattered Planet
unrest,Unrest
jagged alliance flashback,Jagged Alliance Flashback
crusaders of the lost idols,Crusaders of the Lost Idols
overruled!,Overruled!
monochroma,Monochroma
rogue warrior,Rogue Warrior
rip,RIP
grey goo,Grey Goo
paint the town red,Paint the Town Red
life is hard,Life is Hard
space pirates and zombies,Space Pirates and Zombies
inside the gear,Inside The Gear
empire tv tycoon,Empire TV Tycoon
last inua,Last Inua
word rescue,Word Rescue
manhunt,Manhunt
viscera cleanup detail,Viscera Cleanup Detail
quake ii,Quake II
zero gear,Zero Gear
dominique pamplemousse,Dominique Pamplemousse
stuntmania reloaded,StuntMANIA Reloaded
dlc quest,DLC Quest
dungeon fighter online,Dungeon Fighter Online
the few,The Few
windforge,Windforge
ballad of solar,Ballad of Solar
rescue team 5,Rescue Team 5
mcpixel,McPixel
really big sky,Really Big Sky
escape dead island,Escape Dead Island
osmos,Osmos
inmind vr,InMind VR
nam,NAM
always sometimes monsters,Always Sometimes Monsters
anomaly korea,Anomaly Korea
aaaaaa!!! - a reckless disregard for gravity,AaAaAA!!! - A Reckless Disregard for Gravity
armello,Armello
outcast 1.1,Outcast 1.1
from the depths,From the Depths
nihilumbra,Nihilumbra
rugby league team manager 2015,Rugby League Team Manager 2015
the ball,The Ball
return to mysterious island 2,Return to Mysterious Island 2
descent 2,Descent 2
soulcraft,SoulCraft
star wolves 2,Star Wolves 2
rebel galaxy,Rebel Galaxy
karateka,Karateka
bit.trip beat,BIT.TRIP BEAT
slip,Slip
memoria,Memoria
castlestorm,CastleStorm
closure,Closure
offspring fling!,Offspring Fling!
pineview drive,Pineview Drive
sacraboar,Sacraboar
sacred citadel,Sacred Citadel
starscape,Starscape
mortal online,Mortal Online
the beginner's guide,The Beginner's Guide
gaokao.love.100days,Gaokao.Love.100Days
earth 2150 trilogy,Earth 2150 Trilogy
dead horde,Dead Horde
coffin dodgers,Coffin Dodgers
cities xl platinum,Cities XL Platinum
iracing,iRacing
costume quest 2,Costume Quest 2
red faction,Red Faction
bard's gold,Bard's Gold
the stalin subway,The Stalin Subway
obludia,Obludia
omerta - city of gangsters,Omerta - City of Gangsters
a.r.e.s. extinction agenda ex,A.R.E.S. Extinction Agenda EX
harvester,Harvester
black mirror,Black Mirror
munin,Munin
soulbringer,Soulbringer
double dragon trilogy,Double Dragon Trilogy
millie,Millie
painkiller redemption,Painkiller Redemption
foresight,Foresight
insanely twisted shadow planet,Insanely Twisted Shadow Planet
survivalist,Survivalist
tales runner,Tales Runner
final fantasy iv,FINAL FANTASY IV
urban trial freestyle,Urban Trial Freestyle
influx,InFlux
huniepop,HuniePop
strata,Strata
project root,Project Root
hardland,Hardland
driftmoon,Driftmoon
dead pixels,Dead Pixels
damnation,Damnation
last dream,Last Dream
sweet lily dreams,Sweet Lily Dreams
fairy bloom freesia,Fairy Bloom Freesia
montague's mount,Montague's Mount
edge of space,Edge of Space
the moon sliver,The Moon Sliver
pro cycling manager 2014,Pro Cycling Manager 2014
you must build a boat,You Must Build A Boat
skyward collapse,Skyward Collapse
uriel's chasm,Uriel's Chasm
flashout 2,FLASHOUT 2
luxor evolved,Luxor Evolved
muffin knight,Muffin Knight
armikrog,Armikrog
the flying dutchman,The Flying Dutchman
neon struct,NEON STRUCT
ar-k,AR-K
bumbledore,Bumbledore
intergalactic bubbles,Intergalactic Bubbles
voidexpanse,VoidExpanse
dogfighter,DogFighter
kidnapped,Kidnapped
the samaritan paradox,The Samaritan Paradox
rogue trooper,Rogue Trooper
the tomorrow war,The Tomorrow War
not a hero,NOT A HERO
tomb of tyrants,Tomb of Tyrants
dead bits,Dead Bits
the good life,The Good Life
typer shark! deluxe,Typer Shark! Deluxe
"sir, you are being hunted","Sir, You Are Being Hunted"
axiom verge,Axiom Verge
nux,Nux
castle story,Castle Story
steamworld dig,SteamWorld Dig
the yawhg,The Yawhg
gumboy tournament,Gumboy Tournament
card city nights,Card City Nights
impire,Impire
thunder wolves,Thunder Wolves
the graveyard,The Graveyard
serena,Serena
hotel giant 2,Hotel Giant 2
undefeated,Undefeated
space giraffe,Space Giraffe
sigils of elohim,Sigils of Elohim
supreme ruler ultimate,Supreme Ruler Ultimate
gamersgomakers,GamersGoMakers
street fighter x tekken,Street Fighter X Tekken
faery - legends of avalon,Faery - Legends of Avalon
bermuda,Bermuda
majesty 2,Majesty 2
kraven manor,Kraven Manor
angvik,Angvik
emergency 2012,Emergency 2012
delta force 2,Delta Force 2
yet another zombie defense,Yet Another Zombie Defense
bloodsports.tv,Bloodsports.TV
spirits,Spirits
sengoku,Sengoku
fable - the lost chapters,Fable - The Lost Chapters
the dig,The Dig®
to end all wars,To End All Wars
dracula's legacy,Dracula's Legacy
concursion,Concursion
the legend of tango,The Legend of Tango
quantum conundrum,Quantum Conundrum
velocityultra,Velocity®Ultra
dogfight 1942,Dogfight 1942
faces of war,Faces of War
artemis spaceship bridge simulator,Artemis Spaceship Bridge Simulator
lucius ii,Lucius II
ludwig,Ludwig
skilltree saga,Skilltree Saga
deadly sin 2,Deadly Sin 2
kingdom elemental,Kingdom Elemental
a bastard's tale,A Bastard's Tale
inquisitor,Inquisitor
cryptark,CRYPTARK
farming simulator 15,Farming Simulator 15
"7,62 high calibre","7,62 High Calibre"
darksiders ii deathinitive edition,Darksiders II Deathinitive Edition
smooth operators,Smooth Operators
ittle dew,Ittle Dew
championship manager 2008,Championship Manager 2008
voices from the sea,Voices from the Sea
actual sunlight,Actual Sunlight
company of heroes 2 - the british forces,Company of Heroes 2 - The British Forces
eets munchies,Eets Munchies
sid meier's pirates!,Sid Meier's Pirates!
omegalodon,Omegalodon
invisible apartment,Invisible Apartment
element4l,Element4l
castle of illusion,Castle of Illusion
growing pains,Growing Pains
tom clancy's rainbow six vegas,Tom Clancy's Rainbow Six® Vegas
starship rubicon,Starship Rubicon
wizardry 8,Wizardry 8
crayon chronicles,Crayon Chronicles
incredipede,Incredipede
freddi fish and the case of the missing kelp seeds,Freddi Fish and the Case of the Missing Kelp Seeds
sherlock holmes versus jack the ripper,Sherlock Holmes versus Jack the Ripper
saturday morning rpg,Saturday Morning RPG
fight the dragon,Fight The Dragon
you don't know jack vol. 3,YOU DON'T KNOW JACK Vol. 3
light,Light
infect and destroy,Infect and Destroy
robot rescue revolution,Robot Rescue Revolution
putt-putt and pep's dog on a stick,Putt-Putt® and Pep's Dog on a Stick
vagrant hearts,Vagrant Hearts
imperial glory,Imperial Glory
tom clancy's ghost recon,Tom Clancy's Ghost Recon®
silence of the sleep,Silence of the Sleep
final slam 2,Final Slam 2
reignmaker,ReignMaker
platypus ii,Platypus II
crystal rift,Crystal Rift
grim dawn,Grim Dawn
sacred 3,Sacred 3
lost horizon,Lost Horizon
tap heroes,Tap Heroes
xpand rally,Xpand Rally
rising world,Rising World
stealth bastard deluxe,Stealth Bastard Deluxe
shadow puppeteer,Shadow Puppeteer
air brawl,Air Brawl
reach for the sun,Reach for the Sun
super motherload,Super Motherload
escape rosecliff island,Escape Rosecliff Island
the impossible game,The Impossible Game
crosscode,CrossCode
red faction ii,Red Faction II
out there somewhere,Out There Somewhere
new kind of adventure,New kind of adventure
european ship simulator,European Ship Simulator
shiny the firefly,Shiny The Firefly
destination sol,Destination Sol
rake,Rake
bridge constructor medieval,Bridge Constructor Medieval
gemini wars,Gemini Wars
cloudbuilt,Cloudbuilt
ocean city racing,OCEAN CITY RACING
brink,BRINK
guilty gear xx accent core plus r,GUILTY GEAR XX ACCENT CORE PLUS R
astray,Astray
mx vs. atv reflex,MX vs. ATV Reflex
afterlife empire,Afterlife Empire
great permutator,Great Permutator
towns,Towns
chip,Chip
hare in the hat,Hare In The Hat
1heart,1HEART
tom clancy's rainbow six siege,Tom Clancy's Rainbow Six® Siege
quarries of scred,Quarries of Scred
teddy floppy ear - kayaking,Teddy Floppy Ear - Kayaking
saga,SAGA
storm,Storm
cosmic dj,Cosmic DJ
worms pinball,Worms Pinball
the 39 steps,The 39 Steps
rune classic,Rune Classic
legends of eisenwald,Legends of Eisenwald
vagante,Vagante
lethis - path of progress,Lethis - Path of Progress
race on,RACE On
renegade ops,Renegade Ops
blitzkrieg 2 anthology,Blitzkrieg 2 Anthology
"hamlet or the last game without mmorpg features, shaders and product placement","Hamlet or the Last Game without MMORPG Features, Shaders and Product Placement"
avernum 4,Avernum 4
port royale 3,Port Royale 3
puddle,Puddle
bob came in pieces,Bob Came in Pieces
qora,Qora
zombierun,ZombieRun
bit dungeon ii,bit Dungeon II
resonance,Resonance
chip's challenge 2,Chip's Challenge 2
audiosurf 2,Audiosurf 2
dark matter,Dark Matter
shoppe keep,Shoppe Keep
roogoo,Roogoo
tinboy,Tinboy
influent,Influent
stranded in time,Stranded In Time
dyad,Dyad
tiki man,Tiki Man
cruel arena,Cruel Arena
killing floor - toy master,Killing Floor - Toy Master
sportsfriends,Sportsfriends
fall of the new age premium edition,Fall of the New Age Premium Edition
turnover,Turnover
rubber and lead,Rubber and Lead
desktop dungeons,Desktop Dungeons
fly'n,Fly'N
60 seconds!,60 Seconds!
kinetic void,Kinetic Void
post apocalyptic mayhem,Post Apocalyptic Mayhem
max payne,Max Payne
vertical drop heroes hd,Vertical Drop Heroes HD
"war, the game","War, the Game"
long live the queen,Long Live The Queen
risen 3 - titan lords,Risen 3 - Titan Lords
salvation prophecy,Salvation Prophecy
tropico 5,Tropico 5
shad'o,Shad'O
cubesis,Cubesis
lumino city,Lumino City
funk of titans,Funk of Titans
bridge project,Bridge Project
majesty 2 collection,Majesty 2 Collection
hunting unlimited 2010,Hunting Unlimited 2010
labyronia rpg 2,Labyronia RPG 2
red stone online,Red Stone Online
the undying plague,The Undying Plague
the baconing,The Baconing
shootmania storm,ShootMania Storm
zombie driver hd,Zombie Driver HD
alltynex second,ALLTYNEX Second
sacred gold,Sacred Gold
stubbs the zombie in rebel without a pulse,Stubbs the Zombie in Rebel Without a Pulse
overture,Overture
supercharged robot vulkaiser,Supercharged Robot VULKAISER
metal slug defense,METAL SLUG DEFENSE
tompi jones,Tompi Jones
the void,The Void
10 second ninja,10 Second Ninja
rivals of aether,Rivals of Aether
executive assault,Executive Assault
atom zombie smasher,Atom Zombie Smasher
whisper of a rose,Whisper of a Rose
ziro,Ziro
demigod,Demigod
muri,MURI
max and the magic marker,Max and the Magic Marker
wildlife park 2 - fantasy,Wildlife Park 2 - Fantasy
hunters of the dead,Hunters Of The Dead
gemini rue,Gemini Rue
hylics,Hylics
boo bunny plague,Boo Bunny Plague
roommates,Roommates
farlight explorers,Farlight Explorers
motte island,Motte Island
cobi treasure deluxe,Cobi Treasure Deluxe
the clans - saga of the twins,The Clans - Saga of the Twins
stardrive 2,StarDrive 2
star ruler,Star Ruler
bierzerkers,Bierzerkers
road redemption,Road Redemption
dark forester,Dark Forester
heroes of annihilated empires,Heroes of Annihilated Empires
skydrift,SkyDrift
miscreated,Miscreated
io,iO
dementium ii hd,Dementium II HD
everquest ii,EverQuest II
avernum 6,Avernum 6
xenonauts,Xenonauts
paganitzu,Paganitzu
king arthur - the role-playing wargame,King Arthur - The Role-playing Wargame
you don't know jack headrush,YOU DON'T KNOW JACK HEADRUSH
dustoff heli rescue,Dustoff Heli Rescue
bad end,BAD END
space ace,Space Ace
"about love, hate and the other ones","About Love, Hate and the other ones"
cities xxl,Cities XXL
the 11th hour,The 11th Hour
mechanic escape,Mechanic Escape
exceed 2nd - vampire rex,eXceed 2nd - Vampire REX
blackwell deception,Blackwell Deception
burgers,Burgers
broken age,Broken Age
the blackwell legacy,The Blackwell Legacy
platypus,Platypus
her story,Her Story
gasp,GASP
after all,After All
zoombinis,Zoombinis
cult of the wind,Cult of the Wind
arcania,ArcaniA
phoenix force,Phoenix Force
titan souls,Titan Souls
c-rush,C-RUSH
grapple,Grapple
macguffin's curse,MacGuffin's Curse
speed kills,Speed Kills
requiem,Requiem
survivor squad,Survivor Squad
warhammer quest,Warhammer Quest
regimental chess,Regimental Chess
eron,Eron
stronghold crusader hd,Stronghold Crusader HD
outland,Outland
daylight,Daylight
rpg tycoon,RPG Tycoon
blockland,Blockland
deep dungeons of doom,Deep Dungeons of Doom
radial impact,Radial Impact
horizon shift,Horizon Shift
jamsouls,Jamsouls
war on folvos,War on Folvos
chronology,Chronology
escape,Escape
spellforce 2 - demons of the past,SpellForce 2 - Demons of the Past
hocus,hocus
hate plus,Hate Plus
booster trooper,Booster Trooper
otttd,OTTTD
gunworld,GunWorld
nightside,Nightside
kingdom tales 2,Kingdom Tales 2
rag doll kung fu,Rag Doll Kung Fu
company of heroes 2 - ardennes assault,Company of Heroes 2 - Ardennes Assault
soccertron,Soccertron
tales of maj'eyal,Tales of Maj'Eyal
binary domain,Binary Domain
blade kitten,Blade Kitten
third eye crime,Third Eye Crime
delver,Delver
door kickers,Door Kickers
zombie shooter 2,Zombie Shooter 2
the sun at night,The Sun at Night
eryi's action,Eryi's Action
dungeon hearts,Dungeon Hearts
if my heart had wings,If My Heart Had Wings
wizorb,Wizorb
storm over the pacific,Storm over the Pacific
labyronia rpg,Labyronia RPG
a-men 2,A-Men 2
might & magic x - legacy,Might & Magic X - Legacy
fair strike,Fair Strike
mxgp - the official motocross videogame,MXGP - The Official Motocross Videogame
city life 2008,City Life 2008
cosmonautica,Cosmonautica
megabyte punch,Megabyte Punch
pretentious game,Pretentious Game
aqua kitty - milk mine defender,Aqua Kitty - Milk Mine Defender
ascendant,Ascendant
pride of nations,Pride of Nations
bullet candy,Bullet Candy
apotheon arena,Apotheon Arena
the fall,The Fall
the book of legends,The Book of Legends
sinister city,Sinister City
mystery of neuschwanstein,Mystery of Neuschwanstein
project explore,Project Explore
emergency 2013,Emergency 2013
down to one,Down To One
face it - a game to fight inner demons,Face It - A game to fight inner demons
game tycoon 1.5,Game Tycoon 1.5
zombie pirates,Zombie Pirates
our darker purpose,Our Darker Purpose
metaverse construction kit,Metaverse Construction Kit
you don't know jack vol. 2,YOU DON'T KNOW JACK Vol. 2
gigantic army,GIGANTIC ARMY
puzzler world 2,Puzzler World 2
arma tactics,Arma Tactics
dungeon of elements,Dungeon of Elements
yury,Yury
wrack,Wrack
dinner date,Dinner Date
god mode,God Mode
halfway,Halfway
proteus,Proteus
silverfall,Silverfall
victory at sea,Victory At Sea
sine mora,Sine Mora
detour,DETOUR
legend of fae,Legend of Fae
coldfire keep,Coldfire Keep
"invisible, inc.","Invisible, Inc."
five nights at freddy's 2,Five Nights at Freddy's 2
hero of the kingdom,Hero of the Kingdom
world end economica episode.01,WORLD END ECONOMiCA episode.01
prey,Prey
stronghold crusader 2,Stronghold Crusader 2
sakura spirit,Sakura Spirit
blastzone 2,BlastZone 2
industry giant 2,Industry Giant 2
drakensang,Drakensang
party hard,Party Hard
autocraft,Autocraft
anachronox,Anachronox
star ruler 2,Star Ruler 2
buzz aldrin's space program manager,Buzz Aldrin's Space Program Manager
deepworld,Deepworld
rymdkapsel,rymdkapsel
avernum 5,Avernum 5
nearwood - collector's edition,Nearwood - Collector's Edition
goodbye deponia,Goodbye Deponia
spermination,Spermination
future wars,Future Wars
boid,Boid
droid assault,Droid Assault
blackwell unbound,Blackwell Unbound
retro game crunch,Retro Game Crunch
startopia,Startopia
kromaia,Kromaia
the king of fighters '98 ultimate match final edition,THE KING OF FIGHTERS '98 ULTIMATE MATCH FINAL EDITION
swarm arena,Swarm Arena
fingered,Fingered
ibomber attack,iBomber Attack
original war,Original War
stonerid,Stonerid
satellite reign,Satellite Reign
tkl online,Tkl Online
woodcutter simulator 2013,Woodcutter Simulator 2013
front mission evolved,Front Mission Evolved
dreaming sarah,Dreaming Sarah
the shopkeeper,The Shopkeeper
death skid marks,Death Skid Marks
guacamelee! super turbo championship edition,Guacamelee! Super Turbo Championship Edition
final exam,Final Exam
windward,Windward
roboblitz,RoboBlitz
nekopara vol. 0,NEKOPARA Vol. 0
bionic dues,Bionic Dues
reveal the deep,Reveal The Deep
despair,Despair
dr.green,Dr.Green
warring states,Warring States
majesty gold hd,Majesty Gold HD
fearless fantasy,Fearless Fantasy
wooden sen'sey,Wooden Sen'SeY
gratuitous tank battles,Gratuitous Tank Battles
the mean greens - plastic warfare,The Mean Greens - Plastic Warfare
smashball,Smashball
tiny brains,Tiny Brains
ghost pirates of vooju island,Ghost Pirates of Vooju Island
blocks that matter,Blocks That Matter
iesabel,Iesabel
m.u.d. tv,M.U.D. TV
penny arcade's on the rain-slick precipice of darkness 3,Penny Arcade's On the Rain-Slick Precipice of Darkness 3
storm in a teacup,Storm in a Teacup
lexica,Lexica
genesis rising,Genesis Rising
knight of the hamsters,Knight of the Hamsters
world of zoo,World of Zoo
take on mars,Take On Mars
pyroblazer,Pyroblazer®
1954 alcatraz,1954 Alcatraz
space run,Space Run
fist of awesome,FIST OF AWESOME
supreme ruler 2020 gold,Supreme Ruler 2020 Gold
theme park studio,Theme Park Studio
full bore,Full Bore
breach & clear,Breach & Clear
parcel,Parcel
cannon brawl,Cannon Brawl
tesla breaks the world!,Tesla Breaks the World!
x rebirth,X Rebirth
larva mortus,Larva Mortus
drive to hell,Drive to Hell
dreamfall chapters,Dreamfall Chapters
immortal empire,Immortal Empire
mx vs. atv supercross encore,MX vs. ATV Supercross Encore
cubot,Cubot
neo aquarium - the king of crustaceans -,NEO AQUARIUM - The King of Crustaceans -
battle group 2,Battle Group 2
aquanox,AquaNox
jack keane,Jack Keane
talismania deluxe,Talismania Deluxe
x-note,X-note
stardust vanguards,Stardust Vanguards
wildlife park 2 - horses,Wildlife Park 2 - Horses
over the void,Over The Void
imagine earth,Imagine Earth
minimon,Minimon
dark echo,Dark Echo
prince of persia,Prince of Persia®
escape goat 2,Escape Goat 2
yesterday,Yesterday
chroma squad,Chroma Squad
an assassin in orlandes,An Assassin in Orlandes
strike suit infinity,Strike Suit Infinity
magical battle festa,Magical Battle Festa
might & magic heroes vii,Might & Magic® Heroes® VII
claire,Claire
achron,Achron
go! go! nippon! ~my first trip to japan~,Go! Go! Nippon! ~My First Trip to Japan~
savant - ascent,Savant - Ascent
a-train 8,A-Train 8
fox & flock,Fox & Flock
spacebase df-9,Spacebase DF-9
qvadriga,Qvadriga
grimind,Grimind
shadow hunter,Shadow Hunter
tiamat x,Tiamat X
evochron mercenary,Evochron Mercenary
trapped dead,Trapped Dead
stick it to the man!,Stick it to The Man!
my bones,My Bones
enemy front,Enemy Front
arctic adventure,Arctic Adventure
volt,Volt
sol survivor,Sol Survivor
simplerockets,SimpleRockets
tiny troopers,Tiny Troopers
gunman clive,Gunman Clive
victim of xen,Victim of Xen
convoy,Convoy
ion assault,Ion Assault
oo,oO
last word,Last Word
verde station,Verde Station
"i, zombie","I, Zombie"
splice,Splice
steredenn,Steredenn
evilquest,EvilQuest
butsbal,Butsbal
blood of the werewolf,Blood of the Werewolf
craft the world,Craft The World
patrician iii,Patrician III
fabula mortis,Fabula Mortis
escape machines,Escape Machines
flame over,Flame Over
putt-putt and fatty bear's activity pack,Putt-Putt® and Fatty Bear's Activity Pack
shallow space,Shallow Space
chuzzle deluxe,Chuzzle Deluxe
astro lords,Astro Lords
samantha swift and the golden touch,Samantha Swift and the Golden Touch
neverending nightmares,Neverending Nightmares
syberia,Syberia
black mirror ii,Black Mirror II
jolly rover,Jolly Rover
tiestru,Tiestru
sledgehammer / gear grinder,Sledgehammer / Gear Grinder
primal carnage,Primal Carnage
vector,Vector
axyos,AXYOS
black ice,Black Ice
weapons genius,Weapons Genius
cradle,Cradle
walkover,Walkover
rise of the triad,Rise of the Triad
intake,Intake
haunted,Haunted
coin crypt,Coin Crypt
joe dever's lone wolf hd remastered,Joe Dever's Lone Wolf HD Remastered
waveform,Waveform
fable anniversary,Fable Anniversary
pulut adventure,Pulut Adventure
strategic war in europe,Strategic War in Europe
tengami,Tengami
the battle of sol,The Battle of Sol
terratech,TerraTech
guilty gear x2 #reload,Guilty Gear X2 #Reload
velocibox,Velocibox
imagine me,Imagine Me
particulars,Particulars
the secret of tremendous corporation,The Secret of Tremendous Corporation
x-plane 10 global - 64 bit,X-Plane 10 Global - 64 Bit
bloody good time,Bloody Good Time
bus-simulator 2012,Bus-Simulator 2012
age of wonders,Age of Wonders
nomad,NOMAD
the bug butcher,The Bug Butcher
diamond dan,Diamond Dan
fat chicken,Fat Chicken
sanitarium,Sanitarium
ruzh delta z,Ruzh Delta Z
critter crunch,Critter Crunch
governor of poker 2,Governor of Poker 2
close combat - gateway to caen,Close Combat - Gateway to Caen
battle vs chess,Battle vs Chess
void destroyer,Void Destroyer
tcheco in the castle of lucio,Tcheco in the Castle of Lucio
warshift,WARSHIFT
zombie bowl-o-rama,Zombie Bowl-o-Rama
quake 4,Quake 4
magnetic by nature,Magnetic By Nature
build-a-lot,Build-A-Lot
stargazer,Stargazer
reverse crawl,Reverse Crawl
sunrider academy,Sunrider Academy
lost planet 2,Lost Planet® 2
heroes of a broken land,Heroes of a Broken Land
tinykeep,TinyKeep
bound by flame,Bound By Flame
cyberpunk 3776,Cyberpunk 3776
echelon,Echelon
pink hour,Pink Hour
warriors & castles,Warriors & Castles
hinterland,Hinterland
they breathe,They Breathe
without within,Without Within
fork parker's holiday profit hike,Fork Parker's Holiday Profit Hike
the sacred tears true,The Sacred Tears TRUE
hollywood visionary,Hollywood Visionary
choice chamber,Choice Chamber
scania truck driving simulator,Scania Truck Driving Simulator
science girls,Science Girls
mystic towers,Mystic Towers
island flight simulator,Island Flight Simulator
crab cakes rescue,Crab Cakes Rescue
volume,Volume
manyland,Manyland
petz horsez 2,Petz® Horsez® 2
construction machines 2014,Construction Machines 2014
rhythm destruction,Rhythm Destruction
starter pack,Starter Pack
ignite,Ignite
colonial conquest,Colonial Conquest
0rbitalis,0RBITALIS
a.i.m. racing,A.I.M. Racing
maelstrom,Maelstrom
pulstar,Pulstar
super amazing wagon adventure,Super Amazing Wagon Adventure
wasteland angel,Wasteland Angel
iron fisticle,Iron Fisticle
hero of many,Hero of Many
squad,Squad
insecticide part 1,Insecticide Part 1
beamng.drive,BeamNG.drive
karate master 2 knock down blow,Karate Master 2 Knock Down Blow
railroad pioneer,Railroad Pioneer
cosmophony,Cosmophony
windosill,Windosill
axel & pixel,Axel & Pixel
the next big thing,The Next BIG Thing
alien spidy,Alien Spidy
airline tycoon deluxe,Airline Tycoon Deluxe
sentinel,Sentinel
panzer tactics hd,Panzer Tactics HD
basement,Basement
steam heroes,Steam Heroes
creavures,CreaVures
gray matter,Gray Matter
antisquad,Antisquad
